Interval,Pearson.Corr
"(-3,-2]",0.8499433369
"(-2,-1.5]",0.7604449905
"(-1.5,-1]",0.8646484556
"(-1,1]",0.8406053145
"(1,1.5]",0.7564320051
"(1.5,2]",0.6545425524
"(2,3]",0.8295950487
